Element,Shell Angular Momentum,Exponents,Coefficients
1,0,"3.387000E+01, 5.095000E+00, 1.159000E+00, 3.258000E-01, 1.027000E-01","6.068000E-03, 4.530800E-02, 2.028220E-01, 5.039030E-01, 3.834210E-01"
1,1,"1.407000E+00, 3.880000E-01","1.000000E+00, 0.000000E+00"
1,2,1.057000E+00,1.0000000
2,0,"2.340000E+02, 3.516000E+01, 7.989000E+00, 2.212000E+00, 6.669000E-01, 2.089000E-01","2.587000E-03, 1.953300E-02, 9.099800E-02, 2.720500E-01, 4.780650E-01, 3.077370E-01"
2,1,"3.044000E+00, 7.580000E-01","1.000000E+00, 0.000000E+00"
2,2,1.965000E+00,1.0000000
3,0,"5.988000E+03, 8.989000E+02, 2.059000E+02, 5.924000E+01, 1.987000E+01, 7.406000E+00, 2.930000E+00, 1.189000E+00, 4.798000E-01, 7.509000E-02, 2.832000E-02","1.330000E-04, 1.025000E-03, 5.272000E-03, 2.092900E-02, 6.634000E-02, 1.657750E-01, 3.150380E-01, 3.935230E-01, 1.908700E-01, 5.414000E-03, -1.328000E-03"
3,1,"3.266000E+00, 6.511000E-01, 1.696000E-01, 5.578000E-02, 2.050000E-02","8.630000E-03, 4.753800E-02, 2.097720E-01, 5.285220E-01, 3.827440E-01"
3,2,"1.900000E-01, 7.250000E-02","1.000000E+00, 0.000000E+00"
3,3,1.270000E-01,1.0000000
4,0,"6.863000E+03, 1.030000E+03, 2.347000E+02, 6.656000E+01, 2.169000E+01, 7.734000E+00, 2.916000E+00, 1.130000E+00, 2.577000E-01, 1.101000E-01, 4.409000E-02","2.360000E-04, 1.826000E-03, 9.452000E-03, 3.795700E-02, 1.199650E-01, 2.821620E-01, 4.274040E-01, 2.662780E-01, 1.819300E-02, -7.275000E-03, 1.903000E-03"
4,1,"7.436000E+00, 1.577000E+00, 4.352000E-01, 1.438000E-01, 4.994000E-02","1.073600E-02, 6.285400E-02, 2.481800E-01, 5.236990E-01, 3.534250E-01"
4,2,"3.493000E-01, 1.724000E-01","1.000000E+00, 0.000000E+00"
4,3,3.423000E-01,1.0000000
5,0,"5.473000E+03, 8.209000E+02, 1.868000E+02, 5.283000E+01, 1.708000E+01, 5.999000E+00, 2.208000E+00, 5.879000E-01, 2.415000E-01, 8.610000E-02","5.550000E-04, 4.291000E-03, 2.194900E-02, 8.444100E-02, 2.385570E-01, 4.350720E-01, 3.419550E-01, 3.685600E-02, -9.545000E-03, 2.368000E-03"
5,1,"1.205000E+01, 2.613000E+00, 7.475000E-01, 2.385000E-01, 7.698000E-02","1.311800E-02, 7.989600E-02, 2.772750E-01, 5.042700E-01, 3.536800E-01"
5,2,"6.610000E-01, 1.990000E-01","1.000000E+00, 0.000000E+00"
5,3,4.900000E-01,1.0000000
6,0,"8.236000E+03, 1.235000E+03, 2.808000E+02, 7.927000E+01, 2.559000E+01, 8.997000E+00, 3.319000E+00, 9.059000E-01, 3.643000E-01, 1.285000E-01","5.310000E-04, 4.108000E-03, 2.108700E-02, 8.185300E-02, 2.348170E-01, 4.344010E-01, 3.461290E-01, 3.937800E-02, -8.983000E-03, 2.385000E-03"
6,1,"1.871000E+01, 4.133000E+00, 1.200000E+00, 3.827000E-01, 1.209000E-01","1.403100E-02, 8.686600E-02, 2.902160E-01, 5.010080E-01, 3.434060E-01"
6,2,"1.097000E+00, 3.180000E-01","1.000000E+00, 0.000000E+00"
6,3,7.610000E-01,1.0000000
7,0,"1.142000E+04, 1.712000E+03, 3.893000E+02, 1.100000E+02, 3.557000E+01, 1.254000E+01, 4.644000E+00, 1.293000E+00, 5.118000E-01, 1.787000E-01","5.230000E-04, 4.045000E-03, 2.077500E-02, 8.072700E-02, 2.330740E-01, 4.335010E-01, 3.474720E-01, 4.126200E-02, -8.508000E-03, 2.384000E-03"
7,1,"2.663000E+01, 5.948000E+00, 1.742000E+00, 5.550000E-01, 1.725000E-01","1.467000E-02, 9.176400E-02, 2.986830E-01, 4.984870E-01, 3.370230E-01"
7,2,"1.654000E+00, 4.690000E-01","1.000000E+00, 0.000000E+00"
7,3,1.093000E+00,1.0000000
8,0,"1.533000E+04, 2.299000E+03, 5.224000E+02, 1.473000E+02, 4.755000E+01, 1.676000E+01, 6.207000E+00, 1.752000E+00, 6.882000E-01, 2.384000E-01","5.080000E-04, 3.929000E-03, 2.024300E-02, 7.918100E-02, 2.306870E-01, 4.331180E-01, 3.502600E-01, 4.272800E-02, -8.154000E-03, 2.381000E-03"
8,1,"3.446000E+01, 7.749000E+00, 2.280000E+00, 7.156000E-01, 2.140000E-01","1.592800E-02, 9.974000E-02, 3.104920E-01, 4.910260E-01, 3.363370E-01"
8,2,"2.314000E+00, 6.450000E-01","1.000000E+00, 0.000000E+00"
8,3,1.428000E+00,1.0000000
9,0,"1.950000E+04, 2.923000E+03, 6.645000E+02, 1.875000E+02, 6.062000E+01, 2.142000E+01, 7.950000E+00, 2.257000E+00, 8.815000E-01, 3.041000E-01","5.070000E-04, 3.923000E-03, 2.020000E-02, 7.901000E-02, 2.304390E-01, 4.328720E-01, 3.499640E-01, 4.323300E-02, -7.892000E-03, 2.384000E-03"
9,1,"4.388000E+01, 9.926000E+00, 2.930000E+00, 9.132000E-01, 2.672000E-01","1.666500E-02, 1.044720E-01, 3.172600E-01, 4.873430E-01, 3.346040E-01"
9,2,"3.107000E+00, 8.550000E-01","1.000000E+00, 0.000000E+00"
9,3,1.917000E+00,1.0000000
10,0,"2.435000E+04, 3.650000E+03, 8.296000E+02, 2.340000E+02, 7.561000E+01, 2.673000E+01, 9.927000E+00, 2.836000E+00, 1.102000E+00, 3.782000E-01","5.020000E-04, 3.881000E-03, 1.999700E-02, 7.841800E-02, 2.296760E-01, 4.327220E-01, 3.506420E-01, 4.391100E-02, -7.645000E-03, 2.375000E-03"
10,1,"5.470000E+01, 1.243000E+01, 3.679000E+00, 1.143000E+00, 3.300000E-01","1.715100E-02, 1.076560E-01, 3.216810E-01, 4.852320E-01, 3.325840E-01"
10,2,"4.014000E+00, 1.096000E+00","1.000000E+00, 0.000000E+00"
10,3,2.544000E+00,1.0000000
11,0,"4.230000E+05, 6.334000E+04, 1.441000E+04, 4.077000E+03, 1.328000E+03, 4.786000E+02, 1.862000E+02, 7.692000E+01, 3.332000E+01, 1.500000E+01, 6.869000E+00, 2.683000E+00, 1.109000E+00, 4.540000E-01, 6.015000E-02, 2.382000E-02","1.806180E-05, 1.404300E-04, 7.384380E-04, 3.111820E-03, 1.120810E-02, 3.528280E-02, 9.598970E-02, 2.137350E-01, 3.486880E-01, 3.245660E-01, 1.126330E-01, 7.067970E-03, 5.980100E-04, 2.041300E-04, -5.308700E-06, 1.826050E-06"
11,1,"2.433000E+02, 5.739000E+01, 1.810000E+01, 6.575000E+00, 2.521000E+00, 9.607000E-01, 3.512000E-01, 9.827000E-02, 3.734000E-02, 1.500000E-02","2.243920E-03, 1.739970E-02, 7.741250E-02, 2.191020E-01, 3.785220E-01, 3.949020E-01, 1.604240E-01, 2.333110E-03, 1.995360E-03, -7.773440E-04"
11,3,1.284000E-01,1.0000000
11,2,"1.473000E-01, 6.230000E-02","1.000000E+00, 0.000000E+00"
12,0,"1.649000E+05, 2.471000E+04, 5.628000E+03, 1.596000E+03, 5.210000E+02, 1.880000E+02, 7.301000E+01, 2.990000E+01, 1.254000E+01, 4.306000E+00, 1.826000E+00, 7.417000E-01, 1.457000E-01, 7.612000E-02, 3.310000E-02","7.299290E-05, 5.666520E-04, 2.962690E-03, 1.229620E-02, 4.273240E-02, 1.230130E-01, 2.748320E-01, 4.018180E-01, 2.646970E-01, 3.326120E-02, -4.413350E-03, 2.060240E-03, -8.384700E-04, 7.081950E-04, -2.006020E-04"
12,1,"3.169000E+02, 7.486000E+01, 2.372000E+01, 8.669000E+00, 3.363000E+00, 1.310000E+00, 4.911000E-01, 2.364000E-01, 8.733000E-02, 3.237000E-02","2.075320E-03, 1.628690E-02, 7.386970E-02, 2.142970E-01, 3.821540E-01, 3.981780E-01, 1.528780E-01, -4.375400E-03, 6.295820E-03, -1.567690E-03"
12,3,2.417000E-01,1.0000000
12,2,"2.998000E-01, 1.285000E-01","1.000000E+00, 0.000000E+00"
13,0,"2.055000E+05, 3.078000E+04, 7.006000E+03, 1.985000E+03, 6.491000E+02, 2.350000E+02, 9.162000E+01, 3.767000E+01, 1.591000E+01, 5.850000E+00, 2.542000E+00, 1.057000E+00, 2.931000E-01, 1.455000E-01, 5.650000E-02","6.788360E-05, 5.271490E-04, 2.762030E-03, 1.147280E-02, 3.981880E-02, 1.150400E-01, 2.608870E-01, 3.963860E-01, 2.845970E-01, 4.445830E-02, -4.898380E-03, 2.612530E-03, -1.089150E-03, 7.220680E-04, -1.784850E-04"
13,1,"4.444000E+02, 1.051000E+02, 3.347000E+01, 1.233000E+01, 4.869000E+00, 1.961000E+00, 7.834000E-01, 1.888000E-01, 5.557000E-02","1.627860E-03, 1.306870E-02, 6.123410E-02, 1.878700E-01, 3.604520E-01, 4.084540E-01, 1.886400E-01, 9.765140E-03, -1.150570E-03"
13,3,2.440000E-01,1.0000000
13,2,"1.090000E-01, 3.330000E-01","1.000000E+00, 0.000000E+00"
14,0,"2.549000E+05, 3.819000E+04, 8.690000E+03, 2.462000E+03, 8.048000E+02, 2.913000E+02, 1.136000E+02, 4.675000E+01, 1.982000E+01, 7.708000E+00, 3.340000E+00, 1.402000E+00, 4.387000E-01, 2.070000E-01, 7.944000E-02","6.251010E-05, 4.855530E-04, 2.545160E-03, 1.058660E-02, 3.687870E-02, 1.074790E-01, 2.479360E-01, 3.909270E-01, 3.020260E-01, 5.592360E-02, -4.024060E-03, 2.580300E-03, -1.038210E-03, 6.079300E-04, -1.540220E-04"
14,1,"4.815000E+02, 1.139000E+02, 3.623000E+01, 1.334000E+01, 5.252000E+00, 2.120000E+00, 8.561000E-01, 2.528000E-01, 7.889000E-02","1.920450E-03, 1.535520E-02, 7.139910E-02, 2.130520E-01, 3.903540E-01, 3.937210E-01, 1.325650E-01, 3.956300E-03, 3.316240E-04"
14,3,3.360000E-01,1.0000000
14,2,"1.590000E-01, 4.810000E-01","1.000000E+00, 0.000000E+00"
15,0,"3.124000E+05, 4.680000E+04, 1.065000E+04, 3.018000E+03, 9.868000E+02, 3.574000E+02, 1.396000E+02, 5.763000E+01, 2.460000E+01, 1.012000E+01, 4.283000E+00, 1.805000E+00, 6.158000E-01, 2.782000E-01, 1.055000E-01","5.769600E-05, 4.482960E-04, 2.349390E-03, 9.782650E-03, 3.414670E-02, 1.002040E-01, 2.343720E-01, 3.824340E-01, 3.180880E-01, 7.077880E-02, -1.817990E-03, 2.161800E-03, -8.347420E-04, 4.322970E-04, -1.142510E-04"
15,1,"5.049000E+02, 1.194000E+02, 3.796000E+01, 1.395000E+01, 5.457000E+00, 2.177000E+00, 8.010000E-01, 2.877000E-01, 9.714000E-02","2.337280E-03, 1.854100E-02, 8.496930E-02, 2.446150E-01, 4.227660E-01, 3.684390E-01, 7.727340E-02, -3.790050E-03, 1.599390E-03"
15,3,4.520000E-01,1.0000000
15,2,"2.160000E-01, 6.520000E-01","1.000000E+00, 0.000000E+00"
16,0,"3.741000E+05, 5.605000E+04, 1.276000E+04, 3.615000E+03, 1.183000E+03, 4.288000E+02, 1.678000E+02, 6.947000E+01, 2.984000E+01, 1.272000E+01, 5.244000E+00, 2.219000E+00, 7.767000E-01, 3.490000E-01, 1.322000E-01","5.421400E-05, 4.208550E-04, 2.206980E-03, 9.192580E-03, 3.211230E-02, 9.466830E-02, 2.236300E-01, 3.743930E-01, 3.291080E-01, 8.470380E-02, 4.408510E-04, 1.648270E-03, -6.223320E-04, 3.013060E-04, -8.412900E-05"
16,1,"5.744000E+02, 1.358000E+02, 4.319000E+01, 1.587000E+01, 6.208000E+00, 2.483000E+00, 8.688000E-01, 3.229000E-01, 1.098000E-01","2.422640E-03, 1.927960E-02, 8.854010E-02, 2.546540E-01, 4.339840E-01, 3.549530E-01, 6.189410E-02, -5.029770E-03, 2.098130E-03"
16,3,5.570000E-01,1.0000000
16,2,"2.690000E-01, 8.190000E-01","1.000000E+00, 0.000000E+00"
17,0,"4.561000E+05, 6.833000E+04, 1.555000E+04, 4.405000E+03, 1.439000E+03, 5.204000E+02, 2.031000E+02, 8.396000E+01, 3.620000E+01, 1.583000E+01, 6.334000E+00, 2.694000E+00, 9.768000E-01, 4.313000E-01, 1.625000E-01","4.929700E-05, 3.830290E-04, 2.008540E-03, 8.385580E-03, 2.947030E-02, 8.783250E-02, 2.114730E-01, 3.653640E-01, 3.408840E-01, 1.021330E-01, 3.116750E-03, 1.057510E-03, -3.780000E-04, 1.561360E-04, -5.141260E-05"
17,1,"6.633000E+02, 1.568000E+02, 4.998000E+01, 1.842000E+01, 7.240000E+00, 2.922000E+00, 1.022000E+00, 3.818000E-01, 1.301000E-01","2.404480E-03, 1.921480E-02, 8.850970E-02, 2.560200E-01, 4.369270E-01, 3.503340E-01, 5.854950E-02, -4.584230E-03, 2.269700E-03"
17,3,7.060000E-01,1.0000000
17,2,"1.046000E+00, 3.440000E-01","1.000000E+00, 0.000000E+00"
18,0,"5.450000E+05, 8.164000E+04, 1.858000E+04, 5.261000E+03, 1.717000E+03, 6.199000E+02, 2.416000E+02, 9.979000E+01, 4.315000E+01, 1.914000E+01, 7.488000E+00, 3.205000E+00, 1.196000E+00, 5.204000E-01, 1.954000E-01","4.558280E-05, 3.541080E-04, 1.857970E-03, 7.768510E-03, 2.742320E-02, 8.238360E-02, 2.012300E-01, 3.567810E-01, 3.495630E-01, 1.182660E-01, 5.601900E-03, 4.834730E-04, -1.480850E-04, 2.920250E-05, -2.316040E-05"
18,1,"7.618000E+02, 1.802000E+02, 5.750000E+01, 2.124000E+01, 8.388000E+00, 3.416000E+00, 1.206000E+00, 4.523000E-01, 1.545000E-01","2.369760E-03, 1.901990E-02, 8.808070E-02, 2.563770E-01, 4.387110E-01, 3.475690E-01, 5.667400E-02, -5.238820E-03, 1.643760E-03"
18,3,8.900000E-01,1.0000000
18,2,"4.100000E-01, 1.254000E+00","1.000000E+00, 0.000000E+00"
20,0,"2.402654E+06, 3.597898E+05, 8.187809E+04, 2.319089E+04, 7.565212E+03, 2.730702E+03, 1.064640E+03, 4.410605E+02, 1.917269E+02, 8.653774E+01, 3.989924E+01, 1.764065E+01, 8.359990E+00, 3.951330E+00, 1.713400E+00, 8.108600E-01, 3.602500E-01, 8.108000E-02, 4.484000E-02, 2.143000E-02","9.310000E-06, 7.239000E-05, 3.805900E-04, 1.604530E-03, 5.807800E-03, 1.859566E-02, 5.287776E-02, 1.301515E-01, 2.593147E-01, 3.614961E-01, 2.641116E-01, 5.709398E-02, -1.822000E-03, 2.111640E-03, -9.770900E-04, 4.558100E-04, -1.914600E-04, 9.171000E-05, -7.874000E-05, 2.232000E-05"
20,1,"4.061289E+03, 9.622465E+02, 3.121686E+02, 1.187144E+02, 4.980670E+01, 2.225998E+01, 1.028764E+01, 4.861154E+00, 2.248773E+00, 1.033662E+00, 4.641320E-01, 1.987500E-01, 6.739000E-02, 2.542000E-02","1.979900E-04, 1.732080E-03, 9.533790E-03, 3.839012E-02, 1.167588E-01, 2.562687E-01, 3.797808E-01, 3.082933E-01, 8.592090E-02, 2.120670E-03, 1.288800E-03, -4.683500E-04, 1.472800E-04, -5.288000E-05"
20,2,"1.694623E+01, 4.472120E+00, 1.438090E+00, 4.669900E-01, 1.415100E-01, 4.164000E-02","1.547300E-02, 7.887400E-02, 2.087800E-01, 3.302130E-01, 4.375620E-01, 3.747900E-01"
20,3,1.509000E-01,1.0000000
21,0,"2.715278E+06, 4.065984E+05, 9.253004E+04, 2.620792E+04, 8.549429E+03, 3.085975E+03, 1.203172E+03, 4.984869E+02, 2.167360E+02, 9.787476E+01, 4.520433E+01, 2.021187E+01, 9.574751E+00, 4.540346E+00, 1.995687E+00, 9.422150E-01, 4.178450E-01, 9.576100E-02, 5.135100E-02, 2.387800E-02","8.147221E-06, 6.334788E-05, 3.330384E-04, 1.404055E-03, 5.081725E-03, 1.626926E-02, 4.624577E-02, 1.137223E-01, 2.257636E-01, 3.106700E-01, 2.191906E-01, 7.215879E-02, 1.187030E-01, 1.220532E-01, 2.136795E-02, -5.357246E-04, 2.435774E-04, -8.796617E-05, 7.878246E-05, -1.637155E-05"
21,1,"1.059219E+04, 2.507533E+03, 8.144571E+02, 3.115195E+02, 1.319617E+02, 5.998718E+01, 2.866250E+01, 1.410851E+01, 7.103706E+00, 3.609200E+00, 1.776070E+00, 8.547600E-01, 4.022390E-01, 1.546650E-01, 6.494500E-02, 2.635900E-02","4.500000E-05, 4.010000E-04, 2.302000E-03, 1.003700E-02, 3.495400E-02, 9.790900E-02, 2.106800E-01, 3.300930E-01, 3.310270E-01, 1.579600E-01, 2.209900E-02, -1.605000E-03, -1.326000E-03, -2.800000E-04, 3.400000E-05, -1.300000E-05"
21,2,"5.051380E+01, 1.474050E+01, 5.195000E+00, 2.028460E+00, 8.040860E-01, 3.076890E-01, 1.113920E-01, 3.735200E-02","4.266000E-03, 2.770800E-02, 1.000010E-01, 2.315810E-01, 3.460330E-01, 3.733740E-01, 2.642880E-01, 6.366700E-02"
21,3,"7.267000E-01, 1.665000E-01","1.000000E+00, 0.000000E+00"
21,4,4.187000E-01,1.0000000
22,0,"3.014643E+06, 4.514329E+05, 1.027338E+05, 2.909817E+04, 9.492330E+03, 3.426346E+03, 1.335896E+03, 5.535026E+02, 2.406925E+02, 1.087293E+02, 5.026457E+01, 2.258004E+01, 1.071432E+01, 5.093546E+00, 2.244183E+00, 1.059570E+00, 4.688490E-01, 1.061430E-01, 5.526200E-02, 2.546500E-02","8.060782E-06, 6.267518E-05, 3.295006E-04, 1.389203E-03, 5.028469E-03, 1.610419E-02, 4.581232E-02, 1.128613E-01, 2.248193E-01, 3.114571E-01, 2.224995E-01, 7.293128E-02, 1.160683E-01, 1.194774E-01, 2.097868E-02, -5.091715E-04, 2.217859E-04, -7.636896E-05, 7.719539E-05, -1.149056E-05"
22,1,"1.191203E+04, 2.819947E+03, 9.159479E+02, 3.503842E+02, 1.484825E+02, 6.753944E+01, 3.230332E+01, 1.592786E+01, 8.038035E+00, 4.093916E+00, 2.022390E+00, 9.761020E-01, 4.595950E-01, 1.771520E-01, 7.351700E-02, 2.940100E-02","4.400000E-05, 3.910000E-04, 2.248000E-03, 9.823000E-03, 3.433800E-02, 9.666600E-02, 2.094170E-01, 3.301890E-01, 3.319360E-01, 1.584880E-01, 2.231000E-02, -1.566000E-03, -1.324000E-03, -2.710000E-04, 3.200000E-05, -1.200000E-05"
22,2,"6.401300E+01, 1.881790E+01, 6.728700E+00, 2.664130E+00, 1.078680E+00, 4.232090E-01, 1.559990E-01, 5.188400E-02","3.887000E-03, 2.639900E-02, 9.751100E-02, 2.328480E-01, 3.531520E-01, 3.721860E-01, 2.476720E-01, 5.823600E-02"
22,3,"1.248300E+00, 2.836000E-01","1.000000E+00, 0.000000E+00"
22,4,7.251000E-01,1.0000000
23,0,"3.321857E+06, 4.974356E+05, 1.132027E+05, 3.206333E+04, 1.045962E+04, 3.775506E+03, 1.472040E+03, 6.099331E+02, 2.652634E+02, 1.198607E+02, 5.544891E+01, 2.498372E+01, 1.188056E+01, 5.660311E+00, 2.495703E+00, 1.177866E+00, 5.200440E-01, 1.159650E-01, 5.893800E-02, 2.694600E-02","8.039999E-06, 6.251402E-05, 3.286553E-04, 1.385697E-03, 5.016217E-03, 1.606931E-02, 4.574242E-02, 1.128544E-01, 2.254344E-01, 3.140461E-01, 2.267819E-01, 7.334069E-02, 1.102474E-01, 1.131358E-01, 1.971295E-02, -4.719088E-04, 1.861606E-04, -6.208598E-05, 7.295314E-05, -6.362062E-06"
23,1,"1.327320E+04, 3.142126E+03, 1.020588E+03, 3.904407E+02, 1.655043E+02, 7.532006E+01, 3.605503E+01, 1.780436E+01, 9.002929E+00, 4.594544E+00, 2.276760E+00, 1.101178E+00, 5.186380E-01, 2.005650E-01, 8.129100E-02, 3.179500E-02","4.300000E-05, 3.840000E-04, 2.210000E-03, 9.678000E-03, 3.393600E-02, 9.591700E-02, 2.088530E-01, 3.306600E-01, 3.323120E-01, 1.581880E-01, 2.225200E-02, -1.565000E-03, -1.353000E-03, -2.650000E-04, 2.900000E-05, -1.100000E-05"
23,2,"7.761150E+01, 2.291590E+01, 8.279540E+00, 3.309930E+00, 1.358630E+00, 5.413500E-01, 2.023560E-01, 6.756800E-02","3.595000E-03, 2.521000E-02, 9.478600E-02, 2.303630E-01, 3.528940E-01, 3.704140E-01, 2.457180E-01, 6.099300E-02"
23,3,"1.774900E+00, 4.125000E-01","1.000000E+00, 0.000000E+00"
23,4,1.136800E+00,1.0000000
24,0,"6.177194E+06, 9.249295E+05, 2.104865E+05, 5.962005E+04, 1.945076E+04, 7.022056E+03, 2.738763E+03, 1.135814E+03, 4.950923E+02, 2.247487E+02, 1.053836E+02, 5.019359E+01, 2.224957E+01, 1.098265E+01, 5.383665E+00, 2.343685E+00, 1.105202E+00, 4.878480E-01, 8.959900E-02, 3.342300E-02","4.128667E-06, 3.210767E-05, 1.688416E-04, 7.128520E-04, 2.589325E-03, 8.377350E-03, 2.441725E-02, 6.365135E-02, 1.427618E-01, 2.541275E-01, 3.009512E-01, 1.766513E-01, 6.936709E-02, 1.179579E-01, 8.916187E-02, 1.103630E-02, -3.546048E-04, 1.057311E-04, 1.114640E-05, 2.661387E-05"
24,1,"1.445420E+04, 3.421676E+03, 1.111387E+03, 4.251918E+02, 1.802623E+02, 8.206117E+01, 3.929726E+01, 1.941959E+01, 9.828899E+00, 5.016810E+00, 2.487091E+00, 1.198780E+00, 5.586950E-01, 2.089240E-01, 8.460800E-02, 3.325800E-02","4.400000E-05, 3.890000E-04, 2.241000E-03, 9.821000E-03, 3.447100E-02, 9.746000E-02, 2.119850E-01, 3.339900E-01, 3.301370E-01, 1.522270E-01, 2.042500E-02, -1.360000E-03, -1.195000E-03, -1.970000E-04, 2.300000E-05, -9.000000E-06"
24,2,"8.857680E+01, 2.620450E+01, 9.517470E+00, 3.822480E+00, 1.575120E+00, 6.289280E-01, 2.344240E-01, 7.681500E-02","3.621000E-03, 2.576600E-02, 9.755600E-02, 2.363120E-01, 3.582860E-01, 3.685430E-01, 2.354940E-01, 5.315600E-02"
24,3,"2.251000E+00, 5.315000E-01","1.000000E+00, 0.000000E+00"
24,4,1.445900E+00,1.0000000
25,0,"3.960805E+06, 5.931155E+05, 1.349768E+05, 3.823067E+04, 1.247154E+04, 4.501743E+03, 1.755212E+03, 7.273039E+02, 3.163678E+02, 1.430098E+02, 6.621805E+01, 2.991896E+01, 1.430318E+01, 6.839451E+00, 3.012374E+00, 1.418808E+00, 6.236240E-01, 1.340980E-01, 6.554800E-02, 2.958400E-02","8.242127E-06, 6.408587E-05, 3.369253E-04, 1.420648E-03, 5.143683E-03, 1.648569E-02, 4.698560E-02, 1.162437E-01, 2.335277E-01, 3.292837E-01, 2.440304E-01, 7.219806E-02, 7.687806E-02, 7.852235E-02, 1.294109E-02, -3.784873E-04, -2.503203E-05, -2.421517E-05, 3.462071E-05, 4.261482E-07"
25,1,"1.620586E+04, 3.836274E+03, 1.246048E+03, 4.767535E+02, 2.021895E+02, 9.209487E+01, 4.414720E+01, 2.185468E+01, 1.108596E+01, 5.674108E+00, 2.823170E+00, 1.368621E+00, 6.444310E-01, 2.483820E-01, 9.725500E-02, 3.663300E-02","4.200000E-05, 3.730000E-04, 2.149000E-03, 9.445000E-03, 3.329700E-02, 9.475900E-02, 2.081440E-01, 3.318050E-01, 3.331750E-01, 1.576010E-01, 2.144500E-02, -2.558000E-03, -2.027000E-03, -3.600000E-04, 3.400000E-05, -1.300000E-05"
25,2,"1.006630E+02, 2.983360E+01, 1.088940E+01, 4.393580E+00, 1.817820E+00, 7.278270E-01, 2.712950E-01, 8.830900E-02","3.579000E-03, 2.582700E-02, 9.855900E-02, 2.383270E-01, 3.587070E-01, 3.650920E-01, 2.337380E-01, 5.661800E-02"
25,3,"2.738200E+00, 6.543000E-01","1.000000E+00, 0.000000E+00"
25,4,1.733500E+00,1.0000000
26,0,"4.316265E+06, 6.463424E+05, 1.470897E+05, 4.166152E+04, 1.359077E+04, 4.905750E+03, 1.912746E+03, 7.926043E+02, 3.448065E+02, 1.558999E+02, 7.223091E+01, 3.272506E+01, 1.566762E+01, 7.503483E+00, 3.312223E+00, 1.558471E+00, 6.839140E-01, 1.467570E-01, 7.058300E-02, 3.144900E-02","8.048803E-06, 6.258306E-05, 3.290239E-04, 1.387355E-03, 5.023256E-03, 1.610140E-02, 4.590034E-02, 1.136154E-01, 2.283869E-01, 3.221159E-01, 2.383661E-01, 7.404667E-02, 9.214197E-02, 9.339790E-02, 1.573965E-02, -4.186682E-04, 5.376318E-05, -3.816654E-05, 4.319603E-05, -3.401019E-06"
26,1,"1.774569E+04, 4.200721E+03, 1.364429E+03, 5.220806E+02, 2.214595E+02, 1.009096E+02, 4.840115E+01, 2.398536E+01, 1.218250E+01, 6.242298E+00, 3.110944E+00, 1.509958E+00, 7.108450E-01, 2.731900E-01, 1.042330E-01, 3.829100E-02","4.100000E-05, 3.690000E-04, 2.129000E-03, 9.369000E-03, 3.309700E-02, 9.443100E-02, 2.080770E-01, 3.323330E-01, 3.329870E-01, 1.568430E-01, 2.154900E-02, -2.095000E-03, -1.739000E-03, -3.000000E-04, 2.900000E-05, -1.100000E-05"
26,2,"1.133440E+02, 3.364140E+01, 1.233100E+01, 4.994780E+00, 2.072800E+00, 8.307530E-01, 3.091780E-01, 1.001300E-01","3.530000E-03, 2.578400E-02, 9.911900E-02, 2.390730E-01, 3.571990E-01, 3.621880E-01, 2.364610E-01, 6.011800E-02"
26,3,"3.275800E+00, 7.920000E-01","1.000000E+00, 0.000000E+00"
26,4,2.089700E+00,1.0000000
27,0,"4.675675E+06, 7.001615E+05, 1.593373E+05, 4.513046E+04, 1.472238E+04, 5.314222E+03, 2.072018E+03, 8.586188E+02, 3.735497E+02, 1.689229E+02, 7.829639E+01, 3.552123E+01, 1.704144E+01, 8.173000E+00, 3.610318E+00, 1.697047E+00, 7.435320E-01, 1.583440E-01, 7.503600E-02, 3.309100E-02","7.979026E-06, 6.204071E-05, 3.261735E-04, 1.375360E-03, 4.979997E-03, 1.596434E-02, 4.552086E-02, 1.127385E-01, 2.268262E-01, 3.203074E-01, 2.374021E-01, 7.477686E-02, 9.581872E-02, 9.649911E-02, 1.623362E-02, -4.535497E-04, 5.113519E-05, -4.174508E-05, 4.027577E-05, -5.789067E-06"
27,1,"1.926778E+04, 4.560986E+03, 1.481436E+03, 5.668671E+02, 2.404910E+02, 1.096105E+02, 5.259491E+01, 2.608361E+01, 1.326143E+01, 6.799778E+00, 3.393414E+00, 1.648766E+00, 7.762820E-01, 2.980030E-01, 1.136180E-01, 4.162400E-02","4.100000E-05, 3.690000E-04, 2.128000E-03, 9.372000E-03, 3.315500E-02, 9.475200E-02, 2.090930E-01, 3.337220E-01, 3.322080E-01, 1.546130E-01, 2.090200E-02, -2.024000E-03, -1.697000E-03, -2.800000E-04, 2.600000E-05, -1.000000E-05"
27,2,"1.262640E+02, 3.752260E+01, 1.380210E+01, 5.609270E+00, 2.333690E+00, 9.364150E-01, 3.482370E-01, 1.123530E-01","3.510000E-03, 2.588400E-02, 1.000580E-01, 2.405470E-01, 3.568430E-01, 3.595790E-01, 2.366290E-01, 6.212900E-02"
27,3,"3.813700E+00, 9.309000E-01","1.000000E+00, 0.000000E+00"
27,4,2.470900E+00,1.0000000
28,0,"5.045991E+06, 7.556142E+05, 1.719568E+05, 4.870479E+04, 1.588841E+04, 5.735123E+03, 2.236137E+03, 9.266468E+02, 4.031743E+02, 1.823476E+02, 8.454885E+01, 3.839634E+01, 1.845859E+01, 8.863548E+00, 3.916227E+00, 1.838870E+00, 8.043620E-01, 1.697970E-01, 7.930600E-02, 3.467700E-02","8.208996E-06, 6.382884E-05, 3.355800E-04, 1.415075E-03, 5.124444E-03, 1.643256E-02, 4.689398E-02, 1.163534E-01, 2.350511E-01, 3.350184E-01, 2.534779E-01, 7.300901E-02, 6.184244E-02, 6.302956E-02, 1.008063E-02, -2.244528E-04, -5.932767E-05, -1.158562E-05, 8.115109E-06, -1.681699E-06"
28,1,"2.102792E+04, 4.977560E+03, 1.616740E+03, 6.186718E+02, 2.625183E+02, 1.196907E+02, 5.746585E+01, 2.852829E+01, 1.452148E+01, 7.453850E+00, 3.723553E+00, 1.809813E+00, 8.513360E-01, 3.248140E-01, 1.195220E-01, 4.236600E-02","4.100000E-05, 3.630000E-04, 2.097000E-03, 9.250000E-03, 3.279600E-02, 9.400400E-02, 2.082800E-01, 3.336540E-01, 3.329040E-01, 1.553720E-01, 2.085900E-02, -2.440000E-03, -1.998000E-03, -3.380000E-04, 3.500000E-05, -1.200000E-05"
28,2,"1.402527E+02, 4.172610E+01, 1.539810E+01, 6.277100E+00, 2.618500E+00, 1.052600E+00, 3.916000E-01, 1.262000E-01","3.376000E-03, 2.514100E-02, 9.774600E-02, 2.347090E-01, 3.469450E-01, 3.510680E-01, 2.502550E-01, 1.000820E-01"
28,3,"4.504600E+00, 1.128600E+00","1.000000E+00, 0.000000E+00"
28,4,2.977100E+00,1.0000000
29,0,"5.430321E+06, 8.131665E+05, 1.850544E+05, 5.241466E+04, 1.709868E+04, 6.171994E+03, 2.406481E+03, 9.972584E+02, 4.339289E+02, 1.962869E+02, 9.104280E+01, 4.138425E+01, 1.993278E+01, 9.581891E+00, 4.234516E+00, 1.985814E+00, 8.670830E-01, 1.813390E-01, 8.365700E-02, 3.626700E-02","7.801026E-06, 6.065666E-05, 3.188964E-04, 1.344687E-03, 4.869050E-03, 1.561013E-02, 4.452077E-02, 1.103111E-01, 2.220342E-01, 3.133739E-01, 2.315121E-01, 7.640920E-02, 1.103818E-01, 1.094372E-01, 1.836311E-02, -6.043084E-04, 5.092245E-05, -5.540730E-05, 3.969482E-05, -1.269538E-05"
29,1,"2.276057E+04, 5.387679E+03, 1.749945E+03, 6.696653E+02, 2.841948E+02, 1.296077E+02, 6.225415E+01, 3.092964E+01, 1.575827E+01, 8.094211E+00, 4.046921E+00, 1.967869E+00, 9.252950E-01, 3.529920E-01, 1.273070E-01, 4.435600E-02","4.000000E-05, 3.610000E-04, 2.083000E-03, 9.197000E-03, 3.266000E-02, 9.379500E-02, 2.082740E-01, 3.339930E-01, 3.324930E-01, 1.547280E-01, 2.127100E-02, -1.690000E-03, -1.516000E-03, -2.420000E-04, 2.300000E-05, -9.000000E-06"
29,2,"1.738970E+02, 5.188690E+01, 1.934190E+01, 7.975720E+00, 3.398230E+00, 1.409320E+00, 5.488580E-01, 1.901990E-01","2.700000E-03, 2.090900E-02, 8.440800E-02, 2.139990E-01, 3.359800E-01, 3.573010E-01, 2.645780E-01, 1.039720E-01"
29,3,"5.082100E+00, 1.279700E+00","1.000000E+00, 0.000000E+00"
29,4,3.483500E+00,1.0000000
30,0,"5.820021E+06, 8.715234E+05, 1.983350E+05, 5.617631E+04, 1.832582E+04, 6.614955E+03, 2.579199E+03, 1.068849E+03, 4.651045E+02, 2.104130E+02, 9.761629E+01, 4.438020E+01, 2.142308E+01, 1.030891E+01, 4.553645E+00, 2.132821E+00, 9.296970E-01, 1.921470E-01, 8.759500E-02, 3.770200E-02","8.549241E-06, 6.647410E-05, 3.494962E-04, 1.473832E-03, 5.338330E-03, 1.712708E-02, 4.894085E-02, 1.217934E-01, 2.476589E-01, 3.582431E-01, 2.798174E-01, 6.857491E-02, -1.311092E-03, 1.914001E-03, -8.759220E-04, 3.740096E-04, -1.401399E-04, 4.757132E-05, -3.642711E-05, 1.153248E-05"
30,1,"2.441198E+04, 5.778518E+03, 1.876862E+03, 7.182361E+02, 3.048327E+02, 1.390453E+02, 6.680417E+01, 3.320699E+01, 1.692816E+01, 8.696229E+00, 4.350510E+00, 2.116523E+00, 9.953870E-01, 3.781120E-01, 1.345790E-01, 4.628200E-02","4.100000E-05, 3.610000E-04, 2.088000E-03, 9.221000E-03, 3.277300E-02, 9.417900E-02, 2.091320E-01, 3.345690E-01, 3.303590E-01, 1.523470E-01, 2.298400E-02, 1.607000E-03, 4.680000E-04, 6.600000E-05, -2.000000E-06, 0.000000E+00"
30,2,"2.056177E+02, 6.144981E+01, 2.305689E+01, 9.577739E+00, 4.133734E+00, 1.747518E+00, 6.995600E-01, 2.516080E-01","2.342000E-03, 1.860600E-02, 7.710200E-02, 2.020260E-01, 3.294540E-01, 3.609760E-01, 2.716570E-01, 1.049810E-01"
30,3,"5.792200E+00, 1.485100E+00","1.000000E+00, 0.000000E+00"
30,4,4.114400E+00,1.0000000
31,0,"6.558157E+06, 9.820253E+05, 2.234677E+05, 6.328829E+04, 2.064294E+04, 7.450522E+03, 2.905074E+03, 1.204210E+03, 5.243045E+02, 2.374656E+02, 1.105787E+02, 5.137462E+01, 2.444085E+01, 1.176859E+01, 5.342119E+00, 2.495036E+00, 1.098773E+00, 2.601800E-01, 1.270790E-01, 5.440800E-02","8.000000E-06, 6.220000E-05, 3.270000E-04, 1.379400E-03, 4.999300E-03, 1.606050E-02, 4.601240E-02, 1.152224E-01, 2.373921E-01, 3.531989E-01, 2.915500E-01, 8.121290E-02, 7.655000E-04, 1.612400E-03, -7.530000E-04, 3.134000E-04, -1.306000E-04, 5.130000E-05, -3.790000E-05, 1.090000E-05"
31,1,"8.050167E+03, 1.907536E+03, 6.186275E+02, 2.353242E+02, 9.889965E+01, 4.424822E+01, 2.061743E+01, 9.780516E+00, 4.441238E+00, 1.964045E+00, 8.335780E-01, 1.934450E-01, 5.611700E-02","3.169000E-04, 2.764800E-03, 1.512040E-02, 5.995830E-02, 1.733120E-01, 3.410820E-01, 3.896967E-01, 1.839817E-01, 2.188960E-02, 1.160800E-03, 2.735000E-04, 1.260000E-05, -4.600000E-06"
31,2,"2.441474E+02, 7.306759E+01, 2.759208E+01, 1.154652E+01, 5.048628E+00, 2.178465E+00, 9.002530E-01, 3.373270E-01, 1.169000E-01","2.027000E-03, 1.650880E-02, 7.038230E-02, 1.911430E-01, 3.254092E-01, 3.678199E-01, 2.744685E-01, 9.562320E-02, 0.000000E+00"
31,3,2.881000E-01,1.0000000
32,0,"7.447967E+06, 1.115318E+06, 2.538426E+05, 7.191529E+04, 2.347018E+04, 8.477492E+03, 3.308391E+03, 1.372605E+03, 5.982201E+02, 2.713860E+02, 1.269780E+02, 6.022207E+01, 2.801858E+01, 1.351752E+01, 6.309406E+00, 2.904534E+00, 1.287556E+00, 3.365520E-01, 1.677320E-01, 7.106900E-02","7.400000E-06, 5.740000E-05, 3.019000E-04, 1.273300E-03, 4.612300E-03, 1.482140E-02, 4.255360E-02, 1.073055E-01, 2.245178E-01, 3.453131E-01, 3.045261E-01, 9.906700E-02, 4.131700E-03, 1.034700E-03, -4.856000E-04, 1.805000E-04, -9.120000E-05, 3.780000E-05, -2.660000E-05, 7.200000E-06"
32,1,"6.979598E+03, 1.654165E+03, 5.360286E+02, 2.035371E+02, 8.523753E+01, 3.784196E+01, 1.740651E+01, 7.881492E+00, 3.533213E+00, 1.521473E+00, 5.627040E-01, 1.990930E-01, 6.703100E-02","4.569000E-04, 3.956200E-03, 2.131430E-02, 8.187150E-02, 2.223732E-01, 3.905659E-01, 3.560415E-01, 1.070312E-01, 3.694100E-03, 1.921900E-03, -4.164000E-04, 1.917000E-04, -6.120000E-05"
32,2,"2.822391E+02, 8.454996E+01, 3.207366E+01, 1.349750E+01, 5.958550E+00, 2.610788E+00, 1.103987E+00, 4.240490E-01, 1.520000E-01","1.827500E-03, 1.515450E-02, 6.604600E-02, 1.839470E-01, 3.227872E-01, 3.729459E-01, 2.751730E-01, 8.852340E-02, 0.000000E+00"
32,3,3.458000E-01,1.0000000
33,0,"8.482340E+06, 1.270151E+06, 2.890570E+05, 8.187985E+04, 2.671656E+04, 9.647584E+03, 3.764119E+03, 1.561566E+03, 6.808147E+02, 3.092412E+02, 1.452574E+02, 6.973905E+01, 3.177032E+01, 1.539176E+01, 7.341526E+00, 3.323716E+00, 1.485867E+00, 4.210860E-01, 2.115000E-01, 8.897400E-02","6.800000E-06, 5.280000E-05, 2.774000E-04, 1.170200E-03, 4.242100E-03, 1.365570E-02, 3.933990E-02, 9.992920E-02, 2.121555E-01, 3.363866E-01, 3.155125E-01, 1.181312E-01, 8.007600E-03, 3.293000E-04, -1.523000E-04, 2.470000E-05, -3.660000E-05, 1.450000E-05, -9.400000E-06, 2.600000E-06"
33,1,"7.423861E+03, 1.759517E+03, 5.702292E+02, 2.165800E+02, 9.073425E+01, 4.030879E+01, 1.855550E+01, 8.396543E+00, 3.767367E+00, 1.629701E+00, 5.682630E-01, 2.225030E-01, 8.040500E-02","4.599000E-04, 3.982300E-03, 2.146380E-02, 8.246170E-02, 2.238902E-01, 3.920704E-01, 3.542238E-01, 1.048641E-01, 3.366400E-03, 1.849500E-03, -4.496000E-04, 2.297000E-04, -7.190000E-05"
33,2,"3.210196E+02, 9.624931E+01, 3.664496E+01, 1.549396E+01, 6.891138E+00, 3.054831E+00, 1.314241E+00, 5.134300E-01, 1.877000E-01","1.684000E-03, 1.415860E-02, 6.282590E-02, 1.784993E-01, 3.209452E-01, 3.773515E-01, 2.750231E-01, 8.288340E-02, 0.000000E+00"
33,3,4.158000E-01,1.0000000
34,0,"9.563600E+06, 1.432100E+06, 3.259100E+05, 9.231200E+04, 3.011600E+04, 1.087200E+04, 4.240100E+03, 1.758400E+03, 7.665900E+02, 3.484300E+02, 1.640300E+02, 7.914200E+01, 3.552400E+01, 1.730500E+01, 8.378400E+00, 3.740500E+00, 1.689000E+00, 5.092700E-01, 2.552000E-01, 1.065100E-01","6.300000E-06, 4.890000E-05, 2.574000E-04, 1.086100E-03, 3.939900E-03, 1.270410E-02, 3.671560E-02, 9.386720E-02, 2.017677E-01, 3.280540E-01, 3.238334E-01, 1.352337E-01, 1.170750E-02, -3.436000E-04, 1.665000E-04, -1.188000E-04, 2.040000E-05, -1.170000E-05, 8.300000E-06, -1.900000E-06"
34,1,"8.004300E+03, 1.896900E+03, 6.147100E+02, 2.335000E+02, 9.785600E+01, 4.351400E+01, 2.006300E+01, 9.112700E+00, 4.106300E+00, 1.794900E+00, 6.243200E-01, 2.461500E-01, 8.891700E-02","4.505000E-04, 3.904900E-03, 2.109010E-02, 8.129200E-02, 2.217841E-01, 3.907270E-01, 3.559714E-01, 1.073272E-01, 3.698500E-03, 1.803200E-03, -4.501000E-04, 2.208000E-04, -7.220000E-05"
34,2,"3.618500E+02, 1.085500E+02, 4.143300E+01, 1.757900E+01, 7.862700E+00, 3.518000E+00, 1.534800E+00, 6.081300E-01, 2.220000E-01","1.565500E-03, 1.332620E-02, 6.015270E-02, 1.740293E-01, 3.195690E-01, 3.812029E-01, 2.746086E-01, 7.825510E-02, 0.000000E+00"
34,3,4.620000E-01,1.0000000
35,0,"1.063900E+07, 1.593400E+06, 3.626100E+05, 1.027000E+05, 3.350100E+04, 1.209300E+04, 4.715900E+03, 1.955600E+03, 8.526100E+02, 3.876700E+02, 1.826800E+02, 8.824500E+01, 3.926300E+01, 1.923400E+01, 9.405700E+00, 4.160100E+00, 1.899500E+00, 6.047200E-01, 3.011400E-01, 1.251500E-01","5.900000E-06, 4.610000E-05, 2.422000E-04, 1.022600E-03, 3.711300E-03, 1.197850E-02, 3.469270E-02, 8.912390E-02, 1.934557E-01, 3.209019E-01, 3.299233E-01, 1.494121E-01, 1.499380E-02, -9.165000E-04, 4.380000E-04, -2.398000E-04, 7.360000E-05, -3.670000E-05, 2.390000E-05, -5.600000E-06"
35,1,"8.676500E+03, 2.055900E+03, 6.662300E+02, 2.531000E+02, 1.061200E+02, 4.724200E+01, 2.182500E+01, 9.968400E+00, 4.517100E+00, 1.998200E+00, 7.098800E-01, 2.814500E-01, 1.020400E-01","4.357000E-04, 3.781500E-03, 2.047820E-02, 7.928340E-02, 2.178473E-01, 3.878585E-01, 3.594350E-01, 1.121995E-01, 4.387400E-03, 1.780900E-03, -4.576000E-04, 2.122000E-04, -7.340000E-05"
35,2,"4.038300E+02, 1.211700E+02, 4.634500E+01, 1.972100E+01, 8.862400E+00, 3.996200E+00, 1.763600E+00, 7.061900E-01, 2.639000E-01","1.473200E-03, 1.267250E-02, 5.804510E-02, 1.705103E-01, 3.185958E-01, 3.845023E-01, 2.737737E-01, 7.439670E-02, 0.000000E+00"
35,3,5.515000E-01,1.0000000
36,0,"1.171811E+07, 1.754604E+06, 3.992813E+05, 1.130846E+05, 3.688593E+04, 1.331221E+04, 5.189988E+03, 2.151660E+03, 9.380325E+02, 4.265573E+02, 2.010666E+02, 9.709761E+01, 4.299872E+01, 2.117707E+01, 1.042675E+01, 4.585008E+00, 2.117603E+00, 7.070570E-01, 3.492250E-01, 1.448210E-01","5.600000E-06, 4.380000E-05, 2.305000E-04, 9.733000E-04, 3.533700E-03, 1.141670E-02, 3.313250E-02, 8.544640E-02, 1.869124E-01, 3.149761E-01, 3.343334E-01, 1.608810E-01, 1.784350E-02, -1.379300E-03, 6.572000E-04, -3.388000E-04, 1.211000E-04, -5.890000E-05, 3.660000E-05, -8.600000E-06"
36,1,"9.366309E+03, 2.219554E+03, 7.194529E+02, 2.734645E+02, 1.147523E+02, 5.115557E+01, 2.368268E+01, 1.087548E+01, 4.955131E+00, 2.217267E+00, 8.064100E-01, 3.221540E-01, 1.176190E-01","4.231000E-04, 3.674300E-03, 1.993120E-02, 7.742220E-02, 2.140386E-01, 3.848556E-01, 3.626340E-01, 1.170818E-01, 5.121000E-03, 1.753900E-03, -4.573000E-04, 2.199000E-04, -6.680000E-05"
36,2,"4.461613E+02, 1.339648E+02, 5.134591E+01, 2.191691E+01, 9.893725E+00, 4.492527E+00, 2.002293E+00, 8.084090E-01, 3.006000E-01","1.404400E-03, 1.217150E-02, 5.639190E-02, 1.676430E-01, 3.177368E-01, 3.872647E-01, 2.728006E-01, 7.120840E-02, 0.000000E+00"
36,3,6.622000E-01,1.0000000
